{
  "PUT /buyer/order/ID" : {
    "transaction" : "PUT /buyer/order/ID",
    "sampleCount" : 1,
    "errorCount" : 0,
    "errorPct" : 0.0,
    "meanResTime" : 2349.0,
    "medianResTime" : 2349.0,
    "minResTime" : 2349.0,
    "maxResTime" : 2349.0,
    "pct1ResTime" : 2349.0,
    "pct2ResTime" : 2349.0,
    "pct3ResTime" : 2349.0,
    "throughput" : 0.4257130693912303,
    "receivedKBytesPerSec" : 0.2964193539804172,
    "sentKBytesPerSec" : 0.16754137398893146
  },
  "Total" : {
    "transaction" : "Total",
    "sampleCount" : 1,
    "errorCount" : 0,
    "errorPct" : 0.0,
    "meanResTime" : 2349.0,
    "medianResTime" : 2349.0,
    "minResTime" : 2349.0,
    "maxResTime" : 2349.0,
    "pct1ResTime" : 2349.0,
    "pct2ResTime" : 2349.0,
    "pct3ResTime" : 2349.0,
    "throughput" : 0.4257130693912303,
    "receivedKBytesPerSec" : 0.2964193539804172,
    "sentKBytesPerSec" : 0.16754137398893146
  }
}