{
  "POST Create User" : {
    "transaction" : "POST Create User",
    "sampleCount" : 100,
    "errorCount" : 0,
    "errorPct" : 0.0,
    "meanResTime" : 502.83,
    "medianResTime" : 415.5,
    "minResTime" : 386.0,
    "maxResTime" : 1223.0,
    "pct1ResTime" : 681.9,
    "pct2ResTime" : 900.3999999999999,
    "pct3ResTime" : 1222.2099999999996,
    "throughput" : 0.98639757740755,
    "receivedKBytesPerSec" : 0.7182207360498722,
    "sentKBytesPerSec" : 0.21481119117371447
  },
  "Total" : {
    "transaction" : "Total",
    "sampleCount" : 500,
    "errorCount" : 0,
    "errorPct" : 0.0,
    "meanResTime" : 496.0639999999996,
    "medianResTime" : 401.5,
    "minResTime" : 46.0,
    "maxResTime" : 11738.0,
    "pct1ResTime" : 680.0,
    "pct2ResTime" : 1167.75,
    "pct3ResTime" : 5164.700000000006,
    "throughput" : 4.8702563702953325,
    "receivedKBytesPerSec" : 4.606025937767864,
    "sentKBytesPerSec" : 0.8970022963258786
  },
  "DELETE Delete User" : {
    "transaction" : "DELETE Delete User",
    "sampleCount" : 100,
    "errorCount" : 0,
    "errorPct" : 0.0,
    "meanResTime" : 511.74999999999994,
    "medianResTime" : 409.5,
    "minResTime" : 384.0,
    "maxResTime" : 2614.0,
    "pct1ResTime" : 659.8,
    "pct2ResTime" : 671.8,
    "pct3ResTime" : 2609.2899999999977,
    "throughput" : 0.9864073073053325,
    "receivedKBytesPerSec" : 0.5919792447572452,
    "sentKBytesPerSec" : 0.16953875594310402
  },
  "GET Single User" : {
    "transaction" : "GET Single User",
    "sampleCount" : 100,
    "errorCount" : 0,
    "errorPct" : 0.0,
    "meanResTime" : 118.48999999999997,
    "medianResTime" : 51.0,
    "minResTime" : 46.0,
    "maxResTime" : 868.0,
    "pct1ResTime" : 300.9,
    "pct2ResTime" : 358.5999999999997,
    "pct3ResTime" : 864.8099999999984,
    "throughput" : 0.9954904283595314,
    "receivedKBytesPerSec" : 0.9695921226842403,
    "sentKBytesPerSec" : 0.14971242770250764
  },
  "GET List Users" : {
    "transaction" : "GET List Users",
    "sampleCount" : 100,
    "errorCount" : 0,
    "errorPct" : 0.0,
    "meanResTime" : 884.5599999999997,
    "medianResTime" : 286.0,
    "minResTime" : 141.0,
    "maxResTime" : 11738.0,
    "pct1ResTime" : 1635.5000000000005,
    "pct2ResTime" : 5139.499999999993,
    "pct3ResTime" : 11673.029999999966,
    "throughput" : 0.9946092180382327,
    "receivedKBytesPerSec" : 1.6977901648067475,
    "sentKBytesPerSec" : 0.1544363922539834
  },
  "PUT Update User" : {
    "transaction" : "PUT Update User",
    "sampleCount" : 100,
    "errorCount" : 0,
    "errorPct" : 0.0,
    "meanResTime" : 462.69000000000017,
    "medianResTime" : 408.5,
    "minResTime" : 385.0,
    "maxResTime" : 1395.0,
    "pct1ResTime" : 663.9,
    "pct2ResTime" : 678.75,
    "pct3ResTime" : 1392.5599999999988,
    "throughput" : 0.9864170373950699,
    "receivedKBytesPerSec" : 0.7097193520226481,
    "sentKBytesPerSec" : 0.2225218121467394
  }
}